Id ,Name,Email,Phone
1,Musa,Musa@gmail.com,36305946385
2,Hazain,Hazain@gmail.com,36305946315
3,Mustafa,Mustafa@gmail.com,36305946320
4,Ammal,Ammal@gmail.com,36305946330
5,Jawad,Jawad@gmail.com,36305946340
6,Arbi,Arbi@gmail.com,36305946360
